stage,loss,accuracy,precision_macro,recall_macro,f1_macro
final_test,0.2950321682463301,0.8961170212765958,0.8970160970294632,0.8961170212765959,0.8953444347321785
