{
  "final_summary": {
    "model_name": "cnn_final",
    "best_epoch": 19,
    "best_valid_accuracy": 0.8925531914893617,
    "best_valid_loss": 0.30334578782108657,
    "training_time_sec": 688.121509622084,
    "peak_process_memory_mb": 1428.46875,
    "peak_gpu_memory_mb": null,
    "checkpoint_path": "/home/bo/CV_Group8_HW1/models/cnn_final_best.pt"
  },
  "final_valid_metrics": {
    "loss": 0.30334578782108657,
    "accuracy": 0.8925531914893617,
    "precision_macro": 0.8985186981411618,
    "recall_macro": 0.8944511157300953,
    "f1_macro": 0.8929846258811974
  },
  "final_test_metrics": {
    "loss": 0.30977188736834427,
    "accuracy": 0.8931382978723404,
    "precision_macro": 0.8964706921642798,
    "recall_macro": 0.8931382978723406,
    "f1_macro": 0.8919522417711593
  }
}