{
  "baseline_config": {
    "channels": [
      32,
      64,
      128
    ],
    "num_classes": 47,
    "activation": "relu",
    "normalization": "batchnorm",
    "dropout": 0.2,
    "optimizer": "adam",
    "learning_rate": 0.001,
    "scheduler": "StepLR",
    "scheduler_params": {
      "step_size": 5,
      "gamma": 0.5
    },
    "weight_decay": 0.0001,
    "epochs": 15,
    "early_stopping_patience": 5
  },
  "baseline_summary": {
    "model_name": "cnn_baseline",
    "best_epoch": 15,
    "best_valid_accuracy": 0.8749113475177305,
    "best_valid_loss": 0.3535926917343275,
    "training_time_sec": 569.1077762129717,
    "peak_process_memory_mb": 995.328125,
    "peak_gpu_memory_mb": null,
    "checkpoint_path": "/home/bo/CV_Group8_HW1/models/cnn_baseline_best.pt"
  },
  "baseline_valid_metrics": {
    "loss": 0.3535926917343275,
    "accuracy": 0.8749113475177305,
    "precision_macro": 0.8817084184666107,
    "recall_macro": 0.8766591651333875,
    "f1_macro": 0.8742314975225441
  },
  "baseline_test_metrics": {
    "loss": 0.35855851985038595,
    "accuracy": 0.8754255319148936,
    "precision_macro": 0.880649499974088,
    "recall_macro": 0.8754255319148936,
    "f1_macro": 0.8734373727346879
  }
}