sample_ratio,train_samples,best_valid_accuracy,best_valid_loss,test_accuracy,test_f1_macro
0.3,30456,0.8574468085106383,0.414695631443186,0.8539361702127659,0.8506367175908396
0.5,50760,0.8739361702127659,0.3604908452811816,0.8695744680851064,0.8670600003369294
1.0,101520,0.8902482269503547,0.30802400534880076,0.8890425531914894,0.8869103171994105
