stage,parameter_count,loss,accuracy,precision_macro,recall_macro,f1_macro
baseline_valid,544943,0.33836422000370975,0.8791666666666667,0.8856492020864098,0.8808661771500815,0.8783425872172789
baseline_test,544943,0.3407454517420302,0.88,0.8839687404434227,0.88,0.8777676661943373
final_valid,1258127,0.30155025173163585,0.888209219858156,0.8933052504119693,0.8904440227410437,0.8891176490683059
final_test,1258127,0.29869019262334134,0.8907978723404255,0.894321764631154,0.8907978723404254,0.8899924965535453
