setting,augment,rotation_deg,noise_std,blur,best_epoch,best_valid_accuracy,best_valid_loss,valid_accuracy,valid_f1_macro,test_accuracy,test_f1_macro,training_time_sec,peak_process_memory_mb,peak_gpu_memory_mb,selected_final
no_augmentation,False,0.0,0.0,False,18,0.875,0.36383652247435655,0.875,0.8754153238640122,0.8732978723404256,0.872344305831912,573.6582360411994,1821.546875,179.8486328125,False
with_augmentation,True,10.0,0.02,False,17,0.8810283687943262,0.3274568393509439,0.8810283687943262,0.88041681690572,0.8801063829787235,0.8780151505870015,932.2912947828881,1850.66796875,184.666015625,True
