setting,augment,rotation_deg,noise_std,blur,best_epoch,best_valid_accuracy,best_valid_loss,valid_accuracy,valid_f1_macro,test_accuracy,test_f1_macro,training_time_sec,peak_process_memory_mb,peak_gpu_memory_mb,selected_final
no_augmentation,False,0.0,0.0,False,15,0.8723404255319149,0.4348510685964679,0.8723404255319149,0.8730516618007049,0.8739361702127659,0.8728990563269168,595.4545196641702,1449.70703125,388.01220703125,False
with_augmentation,True,10.0,0.02,False,18,0.888209219858156,0.30155025173163585,0.888209219858156,0.8891176490683059,0.8907978723404255,0.8899924965535453,942.139784008963,1468.6328125,397.677734375,True
